insert into pick (id, jogador_id, campeao_id, rota_id, abates, mortes, assistencias, dano_causado, dano_recebido, gold, cs) values (1, 1, 86, 1, 4, 6, 8, 27477, 55897, 12375, 208);
insert into pick (id, jogador_id, campeao_id, rota_id, abates, mortes, assistencias, dano_causado, dano_recebido, gold, cs) values (2, 2, 124, 2, 2, 3, 11, 32862, 53847, 12375, 336);
insert into pick (id, jogador_id, campeao_id, rota_id, abates, mortes, assistencias, dano_causado, dano_recebido, gold, cs) values (3, 3, 89, 3, 11, 5, 3, 45862, 43807, 12375, 325);
insert into pick (id, jogador_id, campeao_id, rota_id, abates, mortes, assistencias, dano_causado, dano_recebido, gold, cs) values (4, 4, 144, 4, 10, 6, 8, 33286, 37907, 12375, 319);
insert into pick (id, jogador_id, campeao_id, rota_id, abates, mortes, assistencias, dano_causado, dano_recebido, gold, cs) values (5, 5, 118, 5, 0, 2, 15, 55364, 39512, 12375, 94);
insert into pick (id, jogador_id, campeao_id, rota_id, abates, mortes, assistencias, dano_causado, dano_recebido, gold, cs) values (6, 6, 143, 1, 10, 3, 5, 28838, 54938, 12375, 256);
insert into pick (id, jogador_id, campeao_id, rota_id, abates, mortes, assistencias, dano_causado, dano_recebido, gold, cs) values (7, 7, 137, 2, 10, 9, 8, 27435, 50161, 12375, 226);
insert into pick (id, jogador_id, campeao_id, rota_id, abates, mortes, assistencias, dano_causado, dano_recebido, gold, cs) values (8, 8, 103, 3, 10, 5, 14, 36498, 41335, 12375, 269);
insert into pick (id, jogador_id, campeao_id, rota_id, abates, mortes, assistencias, dano_causado, dano_recebido, gold, cs) values (9, 9, 109, 4, 3, 5, 17, 31115, 32114, 12375, 246);
insert into pick (id, jogador_id, campeao_id, rota_id, abates, mortes, assistencias, dano_causado, dano_recebido, gold, cs) values (10, 10, 127, 5, 10, 11, 14, 61627, 68877, 12375, 194);
insert into pick (id, jogador_id, campeao_id, rota_id, abates, mortes, assistencias, dano_causado, dano_recebido, gold, cs) values (11, 3, 80, 1, 5, 7, 7, 26356, 30106, 12375, 212);
insert into pick (id, jogador_id, campeao_id, rota_id, abates, mortes, assistencias, dano_causado, dano_recebido, gold, cs) values (12, 11, 127, 2, 8, 7, 4, 12801, 32365, 12375, 213);
insert into pick (id, jogador_id, campeao_id, rota_id, abates, mortes, assistencias, dano_causado, dano_recebido, gold, cs) values (13, 2, 139, 3, 13, 7, 6, 31041, 29406, 12375, 193);
insert into pick (id, jogador_id, campeao_id, rota_id, abates, mortes, assistencias, dano_causado, dano_recebido, gold, cs) values (14, 10, 52, 4, 7, 10, 10, 30816, 27980, 12375, 179);
insert into pick (id, jogador_id, campeao_id, rota_id, abates, mortes, assistencias, dano_causado, dano_recebido, gold, cs) values (15, 4, 73, 5, 6, 10, 9, 14879, 25103, 12375, 74);
insert into pick (id, jogador_id, campeao_id, rota_id, abates, mortes, assistencias, dano_causado, dano_recebido, gold, cs) values (16, 9, 43, 1, 4, 9, 3, 14614, 40782, 12375, 221);
insert into pick (id, jogador_id, campeao_id, rota_id, abates, mortes, assistencias, dano_causado, dano_recebido, gold, cs) values (17, 6, 61, 2, 9, 6, 11, 18948, 45322, 12375, 178);
insert into pick (id, jogador_id, campeao_id, rota_id, abates, mortes, assistencias, dano_causado, dano_recebido, gold, cs) values (18, 5, 74, 3, 6, 9, 8, 27700, 25514, 12375, 176);
insert into pick (id, jogador_id, campeao_id, rota_id, abates, mortes, assistencias, dano_causado, dano_recebido, gold, cs) values (19, 8, 63, 4, 14, 10, 10, 37470, 27749, 12375, 213);
insert into pick (id, jogador_id, campeao_id, rota_id, abates, mortes, assistencias, dano_causado, dano_recebido, gold, cs) values (20, 7, 101, 5, 8, 5, 19, 25139, 20777, 12375, 86);

insert into equipe (id, side, dragao, barao, herald, grub, torre, inibidor) values (1, 'B', 2, 1, 1, 3, 9, 2);
insert into equipe (id, side, dragao, barao, herald, grub, torre, inibidor) values (2, 'R', 4, 2, 0, 3, 11, 1);
insert into equipe (id, side, dragao, barao, herald, grub, torre, inibidor) values (3, 'B', 2, 1, 0, 3, 9, 2);
insert into equipe (id, side, dragao, barao, herald, grub, torre, inibidor) values (4, 'R', 4, 2, 1, 3, 11, 1);

insert into equipe_picks (equipe_id, picks_id) values (1, 1);
insert into equipe_picks (equipe_id, picks_id) values (1, 2);
insert into equipe_picks (equipe_id, picks_id) values (1, 3);
insert into equipe_picks (equipe_id, picks_id) values (1, 4);
insert into equipe_picks (equipe_id, picks_id) values (1, 5);
insert into equipe_picks (equipe_id, picks_id) values (2, 6);
insert into equipe_picks (equipe_id, picks_id) values (2, 7);
insert into equipe_picks (equipe_id, picks_id) values (2, 8);
insert into equipe_picks (equipe_id, picks_id) values (2, 9);
insert into equipe_picks (equipe_id, picks_id) values (2, 10);
insert into equipe_picks (equipe_id, picks_id) values (3, 11);
insert into equipe_picks (equipe_id, picks_id) values (3, 12);
insert into equipe_picks (equipe_id, picks_id) values (3, 13);
insert into equipe_picks (equipe_id, picks_id) values (3, 14);
insert into equipe_picks (equipe_id, picks_id) values (3, 15);
insert into equipe_picks (equipe_id, picks_id) values (4, 16);
insert into equipe_picks (equipe_id, picks_id) values (4, 17);
insert into equipe_picks (equipe_id, picks_id) values (4, 18);
insert into equipe_picks (equipe_id, picks_id) values (4, 19);
insert into equipe_picks (equipe_id, picks_id) values (4, 20);

insert into partida (id, vitoria_time_azul, data, duracao) values (1, false, '2024-08-10', '00:32:25');
insert into partida (id, vitoria_time_azul, data, duracao) values (2, true, '2024-08-11', '00:32:25');

insert into partida_equipes (equipe_id, partida_id) values (1, 1);
insert into partida_equipes (equipe_id, partida_id) values (2, 1);
insert into partida_equipes (equipe_id, partida_id) values (3, 2);
insert into partida_equipes (equipe_id, partida_id) values (4, 2);

